TOTAL_OBJECTS	4955481	TOTAL_BYTES	372589849515
EXT	ini	4	6147
EXT	db-shm	1	655360
EXT	yml	33	304776
EXT	py	1654	22758905
EXT	restore	1	4093
EXT	map	4	2814134
EXT	typed	29	489
EXT	lock	2	4951
EXT	ts	44	256657
EXT	jsonl	2	2174661522
EXT	out	1	671873
EXT	sample	224	413160
EXT	cmd	3	639
EXT	compute	1	2319
EXT	docx	2	88687
EXT	mako	2	864
EXT	zip	4891	24695986057
EXT	log	330	1660242244
EXT	db-wal	1	323057472
EXT	env	9	12852
EXT	copy_done	365	3650
EXT	gitignore	17	11185
EXT	pdf	1314918	204183579634
EXT	jpg	3	297821
EXT	md	411	4549320
EXT	api	1	5229
EXT	toml	1	3330
EXT	pyc	672	9355417
EXT	pyd	17	7764480
EXT	aspx	2	731647
EXT	rev	25	111928
EXT	pyi	587	2543310
EXT	exe	12	1689500
EXT	xlsx	57	3116053988
EXT	doc	356	24596617
EXT	css	35	574721
EXT	init	1	3232
EXT	svg	4	1307
EXT	csv	8636	24945622201
EXT	php	2	23655
EXT	cfg	6	2062
EXT	pyx	8	276476
EXT	pack	25	679834149
EXT	sh	33	143529
EXT	template	1	1324
EXT	db	2	10144604475
EXT	png	27	6840991
EXT	json	574555	27941951627
EXT	ui	1	3591
EXT	lock_queue_1	1	0
EXT	lock_queue_5	1	0
EXT	docker	1	639
EXT	lock_queue_7	1	0
EXT	bak	1	6915178835
EXT	gitattributes	4	1446
EXT	example	8	13473
EXT	cjs	1	40298
EXT	worker	2	3403
EXT	graphify_python	1	23
EXT	dump	20	19093256616
EXT	lnk	1	1897
EXT	bat	3	1849
EXT	ps1	18	99764
EXT	dockerignore	2	2567
EXT	pxd	20	138209
EXT	txt	1949583	31483720220
EXT	cross-encoder	1	564
EXT	sql	67	1447025
EXT	h	87	773889
EXT	pxi	27	592735
EXT	js	105	4320647
EXT	pem	2	581187
EXT	hash	8	896
EXT	idx	25	801196
EXT	mjs	5	788441
EXT	bin	370	15453612
EXT	lock_manual_entry_queue_6	1	0
EXT	lock_manual_entry_queue_7	1	0
EXT	deprecated	1	3826
EXT	lock_manual_entry_queue_8	1	0
EXT	html	1087909	14214843678
EXT	sqlite	1	114688
EXT	conf	2	7084
EXT	redis	1	2414
EXT	fish	1	2297
EXT	(none)	623	24772763
EXT	tmp	2	42207594
EXT	xsl	7	157540
EXT	rng	1	19046
EXT	jsx	70	1477687
EXT	htm	8466	212747695
EXT	pkl	2	623131615
EXT	mtimes	9	18560
TOP	opinions_2000	1259178	18804853136
TOP	fl-legacy	30843	2784547573
TOP	fl	88008	5401518843
TOP	wi	8199	1668850931
TOP	case-info	76611	13624769319
TOP	tn	45456	5074244109
TOP	mi	206569	20931882404
TOP	va	19788	1400338018
TOP	scrapers	187726	99735668952
TOP	ct	13239	1246527207
TOP	wa	40052	10274517865
TOP	blog	23	3754952
TOP	opencode-sessions	1395	10698143055
TOP	gitignored	2917985	170810663917
TOP	mn	37440	4348303948
TOP	az	22969	5781265286
